seed,best_makespan,best_gap_percent,best_found_eval,target_hit,target_eval,training_objective_evaluations,best_at_1000,best_at_10000,best_at_100000,best_at_1000000,best_at_3317760,best_permutation
42,1278,0.0,36936,True,36936,3317760,1297,1297,1278,1278,1278,16 2 14 5 12 8 0 7 15 10 13 4 6 18 17 3 1 9 19 11
43,1278,0.0,32145,True,32145,3317760,1297,1297,1278,1278,1278,8 16 14 7 5 18 3 2 4 17 15 12 13 10 6 0 1 9 19 11
44,1278,0.0,10665,True,10665,3317760,1297,1279,1278,1278,1278,2 16 14 5 0 7 18 4 8 13 3 17 15 12 6 10 1 9 19 11
45,1278,0.0,67342,True,67342,3317760,1297,1297,1278,1278,1278,2 16 14 0 8 4 7 18 12 3 1 5 13 6 10 17 15 9 19 11
46,1278,0.0,104965,True,104965,3317760,1297,1297,1297,1278,1278,2 8 16 5 14 10 13 12 18 3 4 0 7 1 6 17 15 9 19 11
47,1278,0.0,11291,True,11291,3317760,1297,1297,1278,1278,1278,8 14 2 7 5 10 13 0 18 16 12 4 6 17 15 3 1 9 19 11
48,1278,0.0,23592,True,23592,3317760,1305,1297,1278,1278,1278,8 14 5 13 10 4 16 12 18 3 2 17 6 7 15 0 1 9 19 11
49,1278,0.0,55663,True,55663,3317760,1297,1297,1278,1278,1278,2 16 8 14 13 5 7 1 12 0 3 18 10 6 4 17 15 9 19 11
50,1278,0.0,83262,True,83262,3317760,1297,1297,1278,1278,1278,8 14 5 1 12 3 2 16 0 4 18 6 7 13 10 17 15 9 19 11
51,1278,0.0,43306,True,43306,3317760,1297,1297,1278,1278,1278,16 2 14 7 0 8 4 3 1 12 5 13 15 17 6 10 18 9 19 11
