seed,evaluations,best_so_far
42,1,1525
42,4,1517
42,15,1511
42,16,1437
42,19,1436
42,32,1431
42,33,1418
42,42,1412
42,47,1399
42,54,1375
42,70,1357
42,71,1345
42,75,1338
42,78,1324
42,276,1322
42,285,1309
42,325,1307
42,326,1304
42,338,1303
42,353,1299
42,374,1297
42,33882,1294
42,33998,1283
42,34025,1279
42,36936,1278
42,3317760,1278
43,1,1490
43,2,1478
43,8,1455
43,14,1429
43,22,1411
43,30,1405
43,33,1395
43,38,1365
43,51,1339
43,292,1326
43,293,1297
43,25918,1295
43,26276,1291
43,26472,1290
43,26762,1286
43,31919,1285
43,32109,1284
43,32145,1278
43,3317760,1278
44,1,1526
44,3,1511
44,7,1445
44,13,1420
44,20,1343
44,21,1339
44,299,1338
44,306,1330
44,345,1311
44,360,1297
44,4896,1295
44,4924,1290
44,4928,1288
44,5225,1282
44,9244,1279
44,10665,1278
44,3317760,1278
45,1,1463
45,2,1434
45,3,1414
45,4,1396
45,12,1381
45,16,1351
45,35,1349
45,43,1335
45,47,1324
45,214,1322
45,427,1298
45,444,1297
45,66318,1291
45,66329,1279
45,67342,1278
45,3317760,1278
46,1,1547
46,3,1531
46,6,1525
46,7,1479
46,15,1469
46,17,1445
46,19,1419
46,22,1404
46,24,1389
46,27,1386
46,30,1381
46,33,1359
46,51,1345
46,54,1329
46,58,1308
46,63,1305
46,64,1298
46,67,1297
46,104439,1294
46,104675,1288
46,104677,1285
46,104965,1278
46,3317760,1278
47,1,1487
47,2,1481
47,5,1475
47,9,1463
47,17,1431
47,18,1359
47,28,1343
47,37,1339
47,425,1326
47,429,1300
47,458,1297
47,10714,1296
47,10866,1291
47,10909,1284
47,11187,1282
47,11291,1278
47,3317760,1278
48,1,1572
48,2,1535
48,5,1504
48,6,1452
48,11,1419
48,31,1417
48,40,1415
48,42,1408
48,43,1397
48,72,1377
48,138,1365
48,140,1343
48,175,1307
48,200,1305
48,1008,1297
48,23260,1296
48,23351,1293
48,23372,1290
48,23392,1289
48,23473,1288
48,23544,1279
48,23592,1278
48,3317760,1278
49,1,1620
49,2,1595
49,3,1576
49,4,1571
49,5,1516
49,6,1508
49,7,1489
49,8,1467
49,10,1448
49,17,1386
49,25,1382
49,28,1349
49,40,1339
49,689,1319
49,704,1308
49,706,1297
49,41831,1286
49,55663,1278
49,3317760,1278
50,1,1417
50,19,1403
50,24,1391
50,52,1390
50,56,1386
50,61,1383
50,66,1375
50,107,1351
50,109,1348
50,146,1344
50,169,1337
50,171,1327
50,174,1324
50,546,1323
50,549,1319
50,550,1311
50,564,1310
50,566,1303
50,568,1297
50,83122,1295
50,83190,1292
50,83237,1287
50,83243,1279
50,83262,1278
50,3317760,1278
51,1,1435
51,5,1423
51,19,1406
51,20,1400
51,25,1396
51,31,1387
51,45,1385
51,48,1384
51,61,1364
51,77,1363
51,82,1355
51,85,1341
51,87,1337
51,122,1325
51,130,1313
51,141,1305
51,146,1297
51,42316,1296
51,42379,1294
51,42626,1281
51,43013,1279
51,43306,1278
51,3317760,1278
