seed,best_cost,best_gap_percent,best_found_eval,target_hit,target_eval,training_objective_evaluations,best_at_1000,best_at_10000,best_at_100000,best_at_1000000,best_at_3317760,best_permutation
42,2656,3.3463034629821777,1382,False,,3317760,2720,2656,2656,2656,2656,1 18 15 3 11 10 6 7 9 16 2 8 5 19 13 4 0 17 14 12
43,2602,1.2451361417770386,2910634,False,,3317760,2668,2624,2624,2624,2602,1 14 0 19 6 5 11 7 15 2 17 13 10 18 8 16 4 3 9 12
44,2618,1.8677042722702026,21671,False,,3317760,2724,2678,2618,2618,2618,3 12 16 14 1 0 2 9 15 10 13 8 5 17 7 18 4 19 11 6
45,2596,1.0116732120513916,2531995,False,,3317760,2792,2678,2624,2624,2596,3 11 5 18 14 9 8 12 0 10 2 7 4 6 17 1 19 15 16 13
46,2624,2.1011672019958496,125572,False,,3317760,2706,2632,2632,2624,2624,17 13 16 4 6 1 2 7 15 11 14 12 0 18 8 19 5 10 9 3
47,2652,3.190661668777466,2476,False,,3317760,2716,2652,2652,2652,2652,13 1 9 16 10 5 11 12 19 8 17 7 15 3 2 18 14 4 0 6
48,2612,1.6342412233352661,38112,False,,3317760,2696,2692,2612,2612,2612,8 11 18 0 9 3 2 7 19 13 5 12 4 16 6 15 14 17 10 1
49,2596,1.0116732120513916,1485809,False,,3317760,2718,2680,2610,2610,2596,16 8 1 14 10 5 11 17 4 6 18 13 0 3 7 19 15 2 9 12
50,2664,3.6575875282287598,8041,False,,3317760,2714,2664,2664,2664,2664,7 16 1 11 9 3 12 8 0 2 6 17 4 15 18 5 14 10 19 13
51,2656,3.3463034629821777,15546,False,,3317760,2658,2658,2656,2656,2656,12 3 14 0 17 18 10 6 19 13 1 11 16 8 7 4 15 9 2 5
