seed,best_cost,best_gap_percent,best_found_eval,target_hit,target_eval,best_validation_epoch,best_validation_mean,final_mean_cost,final_mean_gap_percent,final_best_cost,final_best_gap_percent,retention_loss,final_optimum_fraction,final_unique_permutations,final_unique_fraction,training_objective_evaluations
42,2832.0,10.194552421569824,1614634,False,,3000,2892.0693359375,2892.15380859375,12.535168647766113,2892.0,12.529182434082031,60.0,0.0,11,0.00067138671875,3317760
43,2818.0,9.649806022644043,1867005,False,,3000,2894.0517578125,2894.0615234375,12.609397888183594,2894.0,12.607004165649414,76.0,0.0,7,0.00042724609375,3317760
44,2798.0,8.87159538269043,1955960,False,,3000,2828.10009765625,2828.138671875,10.044306755065918,2828.0,10.038910865783691,30.0,0.0,12,0.000732421875,3317760
45,2778.0,8.093385696411133,1977491,False,,2900,2826.06591796875,2826.125,9.96595287322998,2826.0,9.961089134216309,48.0,0.0,14,0.0008544921875,3317760
46,2734.0,6.381323337554932,1697962,False,,2600,2734.05224609375,2734.145751953125,6.386994361877441,2734.0,6.381323337554932,0.0,0.0,11,0.00067138671875,3317760
47,2830.0,10.116731643676758,1840774,False,,3000,2866.1181640625,2866.25439453125,11.527408599853516,2866.0,11.517509460449219,36.0,0.0,14,0.0008544921875,3317760
48,2806.0,9.182879447937012,1703122,False,,2800,2806.07177734375,2806.2236328125,9.191580772399902,2806.0,9.182879447937012,0.0,0.0,14,0.0008544921875,3317760
49,2788.0,8.482490539550781,1714998,False,,2950,2832.03271484375,2832.109619140625,10.19881820678711,2832.0,10.194552421569824,44.0,0.0,10,0.0006103515625,3317760
50,2820.0,9.727625846862793,1665739,False,,2900,2848.04541015625,2848.13671875,10.822441101074219,2848.0,10.817120552062988,28.0,0.0,13,0.00079345703125,3317760
51,2768.0,7.704280376434326,1696590,False,,2950,2848.05029296875,2848.1005859375,10.82103443145752,2848.0,10.817120552062988,80.0,0.0,12,0.000732421875,3317760
