seed,best_length,best_gap_percent,best_found_eval,target_hit,target_eval,training_objective_evaluations,best_at_1000,best_at_10000,best_at_100000,best_at_1000000,best_at_2211840,best_at_3317760,best_tour
42,3.513669,1.7670450788160945e-09,720,True,720,3317760,3.513669,3.513669,3.513669,3.513669,3.513669,3.513669,4 18 7 5 12 14 10 13 0 11 2 19 3 6 9 8 15 1 16 17
43,3.513669,1.7670198010093737e-09,1510,True,1510,3317760,3.593176,3.513669,3.513669,3.513669,3.513669,3.513669,7 18 4 17 16 1 15 8 9 6 3 19 2 11 0 13 10 14 12 5
44,3.513669,1.767032439912734e-09,11296,True,11296,3317760,3.617858,3.522437,3.513669,3.513669,3.513669,3.513669,11 2 19 3 6 9 8 15 1 16 17 4 18 7 5 12 14 10 13 0
45,3.513669,1.7670198010093737e-09,29844,True,29844,3317760,3.674044,3.522437,3.513669,3.513669,3.513669,3.513669,7 18 4 17 16 1 15 8 9 6 3 19 2 11 0 13 10 14 12 5
46,3.513669,1.7670450788160945e-09,69742,True,69742,3317760,3.583315,3.573708,3.513669,3.513669,3.513669,3.513669,6 3 19 2 11 0 13 10 14 12 5 7 18 4 17 16 1 15 8 9
47,3.513669,1.7670198010093737e-09,1221,True,1221,3317760,3.840841,3.513669,3.513669,3.513669,3.513669,3.513669,10 13 0 11 2 19 3 6 9 8 15 1 16 17 4 18 7 5 12 14
48,3.513669,1.7670450788160945e-09,68178,True,68178,3317760,3.573708,3.573708,3.513669,3.513669,3.513669,3.513669,11 0 13 10 14 12 5 7 18 4 17 16 1 15 8 9 6 3 19 2
49,3.513669,1.7670198010093737e-09,9413,True,9413,3317760,3.633615,3.513669,3.513669,3.513669,3.513669,3.513669,7 18 4 17 16 1 15 8 9 6 3 19 2 11 0 13 10 14 12 5
50,3.513669,1.7670198010093737e-09,23470,True,23470,3317760,3.693427,3.573708,3.513669,3.513669,3.513669,3.513669,17 4 18 7 5 12 14 10 13 0 11 2 19 3 6 9 8 15 1 16
51,3.513669,1.7670198010093737e-09,6304,True,6304,3317760,3.874691,3.513669,3.513669,3.513669,3.513669,3.513669,8 9 6 3 19 2 11 0 13 10 14 12 5 7 18 4 17 16 1 15
