seed,best_validation_epoch,best_validation_mean,test_mean_length,test_best_length,best_length_ever,test_unique_tours,test_optimum_fraction,best_tour
42,1850,3.522963762283325,3.5231409072875977,3.52243709564209,3.5136687755584717,15,0.0,"[10, 14, 12, 5, 7, 18, 4, 17, 16, 1, 15, 8, 9, 6, 3, 19, 2, 11, 0, 13]"
43,1950,3.522585391998291,3.522632122039795,3.522437334060669,3.5136687755584717,8,0.0,"[15, 1, 16, 17, 4, 18, 7, 5, 12, 14, 10, 13, 0, 11, 2, 19, 3, 6, 9, 8]"
44,2000,3.522449493408203,3.522637367248535,3.522437572479248,3.5136687755584717,11,0.0,"[14, 12, 5, 7, 18, 4, 17, 16, 1, 15, 8, 9, 6, 3, 19, 2, 11, 0, 13, 10]"
45,2000,3.5226714611053467,3.5229744911193848,3.522437334060669,3.522437334060669,13,0.0,"[19, 2, 13, 10, 0, 11, 14, 12, 5, 7, 18, 4, 17, 16, 1, 15, 8, 9, 6, 3]"
46,2000,3.5225632190704346,3.5227138996124268,3.522437572479248,3.513669013977051,8,0.0,"[18, 7, 5, 12, 14, 10, 13, 0, 11, 2, 19, 3, 6, 9, 8, 15, 1, 16, 17, 4]"
47,1950,3.5226643085479736,3.522749662399292,3.522437572479248,3.5136687755584717,7,0.0,"[14, 12, 5, 7, 18, 4, 17, 16, 1, 15, 8, 9, 6, 3, 19, 2, 11, 0, 13, 10]"
48,2000,3.522721767425537,3.522794485092163,3.522437334060669,3.5136685371398926,11,0.0,"[18, 4, 17, 16, 1, 15, 8, 9, 6, 3, 19, 2, 11, 0, 13, 10, 14, 12, 5, 7]"
49,1950,3.5235652923583984,3.5238583087921143,3.522437572479248,3.5136685371398926,20,0.0,"[5, 7, 18, 4, 17, 16, 1, 15, 8, 9, 6, 3, 19, 2, 11, 0, 13, 10, 14, 12]"
50,1750,3.5228381156921387,3.522869348526001,3.52243709564209,3.52243709564209,12,0.0,"[0, 11, 14, 12, 5, 7, 18, 4, 17, 16, 1, 15, 8, 9, 6, 3, 19, 2, 13, 10]"
51,2000,3.5226473808288574,3.5226752758026123,3.522437572479248,3.513669013977051,9,0.0,"[18, 7, 5, 12, 14, 10, 13, 0, 11, 2, 19, 3, 6, 9, 8, 15, 1, 16, 17, 4]"
