seed,mean_f,best_f,p_0,p_1,p_2,p_3,occupied_basins,unique_0,unique_1,unique_2,unique_3,mean_f_0,mean_f_1,mean_f_2,mean_f_3,spread_0,spread_1,spread_2,spread_3,tv_to_target,retained_basins,target_p_0,target_p_1,target_p_2,target_p_3,target_mean_f
42,0.1416647583246231,0.00020824636158067733,0.6573299765586853,0.23461000621318817,0.08579999953508377,0.022260000929236412,4,677,598,534,405,0.09228193014860153,0.19856898486614227,0.2975667417049408,0.39926251769065857,0.3037422001361847,0.31351029872894287,0.311053067445755,0.2904156446456909,0.00962332695986116,4,0.6481067210645868,0.23546633778064432,0.0853999364512237,0.03102700470354399,0.13674039461946957
43,0.14024242758750916,0.00020824636158067733,0.6810600161552429,0.21363000571727753,0.07810000330209732,0.027210000902414322,4,691,631,524,462,0.09215965121984482,0.19910378754138947,0.30263611674308777,0.41549983620643616,0.3032838702201843,0.31441038846969604,0.3199211657047272,0.3290088176727295,0.0329532820521395,4,0.6481067210645868,0.23546633778064432,0.0853999364512237,0.03102700470354399,0.13674039461946957
44,0.14063343405723572,0.00020824636158067733,0.6752899885177612,0.21956999599933624,0.08320999890565872,0.021929999813437462,4,684,636,546,498,0.09223727881908417,0.20130926370620728,0.29858753085136414,0.42405733466148376,0.3036314845085144,0.3174881935119629,0.3129664659500122,0.34734809398651123,0.027183275835077025,4,0.6481067210645868,0.23546633778064432,0.0853999364512237,0.03102700470354399,0.13674039461946957
45,0.14000019431114197,0.00020824636158067733,0.6587600111961365,0.23103000223636627,0.08560000360012054,0.024609999731183052,4,693,615,531,488,0.09086815267801285,0.19400542974472046,0.2930349111557007,0.4158894419670105,0.3012506663799286,0.3063810169696808,0.3044997751712799,0.33971452713012695,0.010853348898542763,4,0.6481067210645868,0.23546633778064432,0.0853999364512237,0.03102700470354399,0.13674039461946957
46,0.13904158771038055,0.00020824636158067733,0.6624299883842468,0.23759999871253967,0.0822800025343895,0.01768999919295311,4,681,602,485,327,0.09345652908086777,0.19594384729862213,0.28442490100860596,0.4055643379688263,0.3056192100048065,0.30933862924575806,0.289861798286438,0.2768447697162628,0.016456933839490245,4,0.6481067210645868,0.23546633778064432,0.0853999364512237,0.03102700470354399,0.13674039461946957
47,0.13971062004566193,0.00020824636158067733,0.6726400256156921,0.22497999668121338,0.06460999697446823,0.037769999355077744,4,678,614,530,447,0.08954058587551117,0.19939462840557098,0.3050088882446289,0.3949066996574402,0.29909878969192505,0.3150327205657959,0.32023128867149353,0.3024755120277405,0.031276289889412764,4,0.6481067210645868,0.23546633778064432,0.0853999364512237,0.03102700470354399,0.13674039461946957
48,0.13978978991508484,0.00020824636158067733,0.6640899777412415,0.2355400025844574,0.07614000141620636,0.024229999631643295,4,683,580,558,418,0.09377506375312805,0.18895408511161804,0.30613765120506287,0.40029484033584595,0.30601128935813904,0.2982027232646942,0.3243602216243744,0.3131777346134186,0.016056930793692897,4,0.6481067210645868,0.23546633778064432,0.0853999364512237,0.03102700470354399,0.13674039461946957
49,0.13868474960327148,0.00020824636158067733,0.6709399819374084,0.22509999573230743,0.08056999742984772,0.02339000068604946,4,686,596,529,409,0.09107542037963867,0.19700738787651062,0.29555317759513855,0.40271615982055664,0.30170220136642456,0.31099215149879456,0.30876871943473816,0.31412479281425476,0.02283327298001454,4,0.6481067210645868,0.23546633778064432,0.0853999364512237,0.03102700470354399,0.13674039461946957
50,0.13960130512714386,0.00020824636158067733,0.6551700234413147,0.24301999807357788,0.0769599974155426,0.02484999969601631,4,677,574,579,475,0.09333920478820801,0.18273667991161346,0.3093278110027313,0.41182005405426025,0.30546942353248596,0.2875257134437561,0.3286854922771454,0.32627594470977783,0.01461695335643513,4,0.6481067210645868,0.23546633778064432,0.0853999364512237,0.03102700470354399,0.13674039461946957
51,0.1396290361881256,0.00020824636158067733,0.6697099804878235,0.23194000124931335,0.07314000278711319,0.025210000574588776,4,681,581,557,472,0.09277824312448502,0.19181497395038605,0.3106559216976166,0.40791723132133484,0.3043641448020935,0.3026607930660248,0.33137398958206177,0.3254062235355377,0.021603266873816706,4,0.6481067210645868,0.23546633778064432,0.0853999364512237,0.03102700470354399,0.13674039461946957
