seed,phase,mean_f,best_f,p_left,p_right,occupied_basins,unique_left,unique_right,mean_f_left,mean_f_right,spread_left,spread_right,reverse_kl,kl_allocation,kl_shape,forward_kl,target_p_left,target_p_right,target_mean_f,drop_right_kl
42,scratch,0.1140437200665474,0.00020824636158067733,0.8999599814414978,0.100040003657341,2,861,651,0.0927886813879013,0.30525413155555725,0.3044537901878357,0.3227204382419586,0.022908725478532288,0.001362514943908464,0.021546210534624174,0.02020620594088994,0.8835730588452322,0.11642694115476782,0.11343265845225237,0.12378129811690941
42,mle,0.1159031018614769,0.00020824636158067733,0.8838300108909607,0.1161699965596199,2,884,660,0.09260932356119156,0.2931239604949951,0.3042679727077484,0.3026004433631897,0.010273637469890184,3.210842486946761e-07,0.010273316385641749,0.007585830296416116,0.8835730588452322,0.11642694115476782,0.11343265845225237,0.12378129811690941
42,warm,0.11358976364135742,0.00020824636158067733,0.884119987487793,0.11587999761104584,2,857,624,0.09080978482961655,0.2873923182487488,0.3012511432170868,0.2953639328479767,0.004308497356655616,1.4559508936049913e-06,0.004307041405762354,0.0032157627731475985,0.8835730588452322,0.11642694115476782,0.11343265845225237,0.12378129811690941
43,scratch,0.11556626856327057,0.00020824636158067733,0.8969799876213074,0.10301999747753143,2,852,640,0.09400264918804169,0.3033176064491272,0.30640894174575806,0.31996870040893555,0.03108551512170088,0.0009045949869880381,0.03018092013471297,0.04337926831180537,0.8835730588452322,0.11642694115476782,0.11343265845225237,0.12378129811690941
43,mle,0.11723385006189346,0.00020824636158067733,0.8832299709320068,0.11676999926567078,2,883,675,0.09307399392127991,0.2999752461910248,0.30480894446372986,0.314296156167984,0.011465898344996006,5.715330391082326e-07,0.011465326811957131,0.008866161611190346,0.8835730588452322,0.11642694115476782,0.11343265845225237,0.12378129811690941
43,warm,0.1131897047162056,0.00020824636158067733,0.8867400288581848,0.11326000094413757,2,848,634,0.09074411541223526,0.2889215648174286,0.301097571849823,0.2981199622154236,0.006215763474586078,4.913685752143057e-05,0.006166626617064906,0.0049491158072168945,0.8835730588452322,0.11642694115476782,0.11343265845225237,0.12378129811690941
44,scratch,0.11369271576404572,0.00020824636158067733,0.8981500267982483,0.1018500030040741,2,854,602,0.09230335056781769,0.30231186747550964,0.30358555912971497,0.3193230926990509,0.025641760060074237,0.0010727853370906919,0.02456897472298383,0.03369137057711212,0.8835730588452322,0.11642694115476782,0.11343265845225237,0.12378129811690941
44,mle,0.11463291198015213,0.00020824636158067733,0.881089985370636,0.11890999972820282,2,839,633,0.09086860716342926,0.2907198965549469,0.30130454897880554,0.301021546125412,0.010582383836390985,2.9784350538507223e-05,0.01055259948585284,0.007998948641438783,0.8835730588452322,0.11642694115476782,0.11343265845225237,0.12378129811690941
44,warm,0.11381767690181732,0.00020824636158067733,0.8850200176239014,0.11497999727725983,2,845,629,0.09104182571172714,0.2891271114349365,0.301458477973938,0.29845142364501953,0.0077453727005745154,1.0212803613289306e-05,0.007735159896961567,0.006069720687487443,0.8835730588452322,0.11642694115476782,0.11343265845225237,0.12378129811690941
45,scratch,0.11350640654563904,0.00020824636158067733,0.9057400226593018,0.09425999969244003,2,832,661,0.09294942021369934,0.3110375702381134,0.30451637506484985,0.33122044801712036,0.03330779357660063,0.0025343293238639167,0.03077346425273702,0.03939275532433838,0.8835730588452322,0.11642694115476782,0.11343265845225237,0.12378129811690941
45,mle,0.11598929762840271,0.00020824636158067733,0.8833799958229065,0.11661999672651291,2,855,694,0.09169444441795349,0.30001944303512573,0.3028067946434021,0.314860999584198,0.011355605412604719,1.8106944408438435e-07,0.011355424343161006,0.008053984807015677,0.8835730588452322,0.11642694115476782,0.11343265845225237,0.12378129811690941
45,warm,0.11453406512737274,0.00020824636158067733,0.88646000623703,0.11354000121355057,2,861,657,0.09180064499378204,0.29202452301979065,0.302783727645874,0.3030073344707489,0.007713920084121195,4.080328422894535e-05,0.00767311679989241,0.006740816695350968,0.8835730588452322,0.11642694115476782,0.11343265845225237,0.12378129811690941
46,scratch,0.11346179991960526,0.00020824636158067733,0.8930400013923645,0.1069599986076355,2,818,599,0.0912519246339798,0.2988984286785126,0.3018314838409424,0.3142256438732147,0.022854989241840817,0.00044630347425764216,0.02240868576758345,0.028138144153895137,0.8835730588452322,0.11642694115476782,0.11343265845225237,0.12378129811690941
46,mle,0.113979771733284,0.00020824636158067733,0.8847100138664246,0.11529000103473663,2,851,651,0.09086602926254272,0.29134953022003174,0.3012182116508484,0.3020819425582886,0.011138383296015242,6.300598681317727e-06,0.011132082697334181,0.008365756207463146,0.8835730588452322,0.11642694115476782,0.11343265845225237,0.12378129811690941
46,warm,0.11356735229492188,0.00020824636158067733,0.8866099715232849,0.1133899986743927,2,849,648,0.09081536531448364,0.29146793484687805,0.3012302815914154,0.3024144768714905,0.0076534504466081454,4.51707200814261e-05,0.007608279726526945,0.0056831854901656514,0.8835730588452322,0.11642694115476782,0.11343265845225237,0.12378129811690941
47,scratch,0.113956019282341,0.00020824636158067733,0.891480028629303,0.10852000117301941,2,804,558,0.09236393123865128,0.2913327217102051,0.30378806591033936,0.30156761407852173,0.021028997461679078,0.0003100604971400193,0.020718936964539157,0.024486551397098974,0.8835730588452322,0.11642694115476782,0.11343265845225237,0.12378129811690941
47,mle,0.11538500338792801,0.00020824636158067733,0.8880800008773804,0.11191999912261963,2,860,648,0.09286662936210632,0.29406726360321045,0.30464622378349304,0.3063376545906067,0.014672586261513354,9.985584929718058e-05,0.014572730412216503,0.010626260708927457,0.8835730588452322,0.11642694115476782,0.11343265845225237,0.12378129811690941
47,warm,0.1133606806397438,0.00020824636158067733,0.888670027256012,0.11133000254631042,2,849,644,0.09114157408475876,0.2907204329967499,0.3017311692237854,0.30083373188972473,0.007893489422085231,0.00012790447200653875,0.0077655849500789485,0.00691298509013448,0.8835730588452322,0.11642694115476782,0.11343265845225237,0.12378129811690941
48,scratch,0.11342734098434448,0.00020824636158067733,0.8970199823379517,0.10298000276088715,2,838,571,0.0927979126572609,0.29312247037887573,0.3044640123844147,0.3041667938232422,0.02530645208764315,0.0009100996614241717,0.024396352426219327,0.030490195881834534,0.8835730588452322,0.11642694115476782,0.11343265845225237,0.12378129811690941
48,mle,0.11621300876140594,0.00020824636158067733,0.8828700184822083,0.11712999641895294,2,861,626,0.09287302196025848,0.2921386957168579,0.3045189678668976,0.3031887710094452,0.011469518719794847,2.3982810850515287e-06,0.011467120438709996,0.009266609690935165,0.8835730588452322,0.11642694115476782,0.11343265845225237,0.12378129811690941
48,warm,0.1139862909913063,0.00020824636158067733,0.8860499858856201,0.11394999921321869,2,834,603,0.09170976281166077,0.28720372915267944,0.302717000246048,0.29488760232925415,0.007272465505483217,3.0005470076594452e-05,0.007242460035406887,0.008320067661084049,0.8835730588452322,0.11642694115476782,0.11343265845225237,0.12378129811690941
49,scratch,0.11407089978456497,0.00020824636158067733,0.9003300070762634,0.09967000037431717,2,832,605,0.09409156441688538,0.2945464849472046,0.3065807819366455,0.302309513092041,0.0344878402893567,0.0014262020351565128,0.03306163825420067,0.049808003526090924,0.8835730588452322,0.11642694115476782,0.11343265845225237,0.12378129811690941
49,mle,0.11715057492256165,0.00020824636158067733,0.88059002161026,0.11941000074148178,2,856,631,0.0939016118645668,0.28860029578208923,0.3062540590763092,0.29713311791419983,0.0077069857083582605,4.2934565111923517e-05,0.0076640511432466835,0.00557395164764328,0.8835730588452322,0.11642694115476782,0.11343265845225237,0.12378129811690941
49,warm,0.11361945420503616,0.00020824636158067733,0.8824599981307983,0.11754000186920166,2,837,629,0.09042645245790482,0.28774648904800415,0.3006133437156677,0.2956283688545227,0.005244214931609648,6.004998021818392e-06,0.005238209933588129,0.0032953490529007284,0.8835730588452322,0.11642694115476782,0.11343265845225237,0.12378129811690941
50,scratch,0.11504747718572617,0.00020824636158067733,0.8926799893379211,0.10732000321149826,2,853,604,0.0936284288764,0.2932097017765045,0.3057568073272705,0.304630309343338,0.02134803052771339,0.0004126132890715055,0.020935417238642073,0.022398396221656167,0.8835730588452322,0.11642694115476782,0.11343265845225237,0.12378129811690941
50,mle,0.11357985436916351,0.00020824636158067733,0.8848599791526794,0.11513999849557877,2,826,608,0.09091033786535263,0.28779688477516174,0.30114680528640747,0.295785516500473,0.010215053188088019,8.07581565425851e-06,0.010206977372434072,0.011820455628590007,0.8835730588452322,0.11642694115476782,0.11343265845225237,0.12378129811690941
50,warm,0.11368360370397568,0.00020824636158067733,0.8867400288581848,0.11326000094413757,2,835,605,0.09169112890958786,0.28586798906326294,0.30269989371299744,0.2928534746170044,0.005493862349870149,4.913685752143057e-05,0.005444725492348996,0.005727984601658118,0.8835730588452322,0.11642694115476782,0.11343265845225237,0.12378129811690941
51,scratch,0.11372005194425583,0.00020824636158067733,0.8958699703216553,0.10412999987602234,2,847,573,0.09312222898006439,0.2909308969974518,0.3050593137741089,0.29940932989120483,0.025595320942881195,0.0007587261735856089,0.02483659476929593,0.039878805351004284,0.8835730588452322,0.11642694115476782,0.11343265845225237,0.12378129811690941
51,mle,0.11766653507947922,0.00020824636158067733,0.8836299777030945,0.11636999994516373,2,862,684,0.09310036152601242,0.30420440435409546,0.30500325560569763,0.3208826184272766,0.014181651165368514,1.576115618378925e-08,0.014181635404212618,0.011132362532630377,0.8835730588452322,0.11642694115476782,0.11343265845225237,0.12378129811690941
51,warm,0.11390545219182968,0.00020824636158067733,0.8863099813461304,0.11368999630212784,2,841,621,0.09130481630563736,0.2900964617729187,0.3020298182964325,0.30012935400009155,0.009389892657878374,3.665939833686531e-05,0.009353233259541849,0.008113061435547006,0.8835730588452322,0.11642694115476782,0.11343265845225237,0.12378129811690941
