temperature,phase,seeds,source,target_p_right,drop_right_kl,both_basins,median_p_right,min_p_right,max_p_right,median_reverse_kl,min_reverse_kl,max_reverse_kl,median_kl_allocation,median_kl_shape,below_drop_cost,mle_better_than_scratch
0.2,scratch,10,final_100k,0.25576095561281337,0.2953929995342851,10,0.25306999683380127,0.24007000029087067,0.25710999965667725,0.011635741983971104,0.008457255314535006,0.016404978153056027,2.059302799308849e-05,0.011599885972505702,10,
0.2,mle,10,final_100k,0.25576095561281337,0.2953929995342851,10,0.2536100000143051,0.249549999833107,0.2646700143814087,0.00667659049527955,0.005233438994532935,0.008627893361097705,2.841435533706125e-05,0.006668533236173944,10,10
0.2,warm,10,final_100k,0.25576095561281337,0.2953929995342851,10,0.2561799883842468,0.25382000207901,0.25725001096725464,0.0031988236353011346,0.0020409537651599474,0.0039718182958127235,4.763439353583647e-06,0.003193084872325552,10,10
0.1,scratch,10,final_100k,0.11642694115476782,0.12378129811690941,10,0.10300000011920929,0.09425999969244003,0.10852000117301941,0.025450886515262172,0.021028997461679078,0.0344878402893567,0.0009073473242061049,0.024482663574601576,10,
0.1,mle,10,final_100k,0.11642694115476782,0.12378129811690941,10,0.11649499833583832,0.11191999912261963,0.11941000074148178,0.01124699435430998,0.0077069857083582605,0.014672586261513354,4.349439883184628e-06,0.011243753520247594,10,10
0.1,warm,10,final_100k,0.11642694115476782,0.12378129811690941,10,0.1136149987578392,0.11133000254631042,0.11754000186920166,0.007462957976045681,0.004308497356655616,0.009389892657878374,3.873134128290533e-05,0.007425369880966916,10,10
0.05,scratch,10,final_100k,0.01791774705368176,0.018080213497598564,0,0.00018500000442145392,3.9999998989515007e-05,0.0002899999963119626,0.03216078768091135,0.029152561515735975,0.03680844390289728,0.01704591300070235,0.01477434971726431,0,
0.05,mle,10,final_100k,0.01791774705368176,0.018080213497598564,10,0.01699499972164631,0.016419999301433563,0.017980000004172325,0.012642916541265703,0.010483922375606802,0.02028220426576066,2.467298649253436e-05,0.012593164584170724,8,10
0.05,warm,10,final_100k,0.01791774705368176,0.018080213497598564,10,0.01570000033825636,0.014809999614953995,0.016540000215172768,0.008516568243669753,0.007426568267511646,0.00992225830690785,0.00014633989869774805,0.008408763183105895,10,10
