seed,mean_f,best_f,p_left,p_right,occupied_basins,unique_left,unique_right,mean_f_left,mean_f_right,spread_left,spread_right,target_p_left,target_p_right,target_mean_f
42,0.32601192593574524,0.00020824636158067733,0.6250600218772888,0.37494000792503357,2,1302,1087,0.25776076316833496,0.4397929310798645,0.48774299025535583,0.46760302782058716,0.6263110990613785,0.3736889009386212,0.32512376469019183
43,0.3262757956981659,0.00020824636158067733,0.6278700232505798,0.37213000655174255,2,1302,1077,0.26049625873565674,0.4372612535953522,0.48942965269088745,0.4674067199230194,0.6263110990613785,0.3736889009386212,0.32512376469019183
44,0.32610762119293213,0.00020824636158067733,0.62704998254776,0.3729499876499176,2,1292,1069,0.2592833340167999,0.43846091628074646,0.4887557327747345,0.467387318611145,0.6263110990613785,0.3736889009386212,0.32512376469019183
45,0.3295474648475647,0.00020824636158067733,0.6273300051689148,0.3726699948310852,2,1300,1102,0.2621467411518097,0.44300583004951477,0.49047553539276123,0.4709457457065582,0.6263110990613785,0.3736889009386212,0.32512376469019183
46,0.3281696140766144,0.00020824636158067733,0.6200799942016602,0.37992000579833984,2,1287,1064,0.2598808705806732,0.43962594866752625,0.48819828033447266,0.46776846051216125,0.6263110990613785,0.3736889009386212,0.32512376469019183
47,0.3254690170288086,0.00020824636158067733,0.6241999864578247,0.3758000135421753,2,1281,1091,0.25718021392822266,0.4388960301876068,0.4861736297607422,0.4684283435344696,0.6263110990613785,0.3736889009386212,0.32512376469019183
48,0.32496464252471924,0.00020824636158067733,0.6269599795341492,0.37303999066352844,2,1273,1075,0.25884342193603516,0.4360930621623993,0.4888310134410858,0.46529972553253174,0.6263110990613785,0.3736889009386212,0.32512376469019183
49,0.3262353241443634,0.00020824636158067733,0.6244999766349792,0.37549999356269836,2,1306,1095,0.25847363471984863,0.4389308989048004,0.4883335530757904,0.46851077675819397,0.6263110990613785,0.3736889009386212,0.32512376469019183
50,0.3263755440711975,0.00020824636158067733,0.6263099908828735,0.37369000911712646,2,1274,1074,0.2613712251186371,0.43532368540763855,0.4900839924812317,0.4642023742198944,0.6263110990613785,0.3736889009386212,0.32512376469019183
51,0.3269740343093872,0.00020824636158067733,0.6269599795341492,0.37303999066352844,2,1304,1088,0.25989124178886414,0.43971869349479675,0.4892520308494568,0.4680626690387726,0.6263110990613785,0.3736889009386212,0.32512376469019183
