seed,mean_f,best_f,p_0,p_1,p_2,p_3,occupied_basins,unique_0,unique_1,unique_2,unique_3,mean_f_0,mean_f_1,mean_f_2,mean_f_3,spread_0,spread_1,spread_2,spread_3
42,0.01972309872508049,0.00020824636158067733,1.0,0.0,0.0,0.0,1,280,0,0,0,0.01972309872508049,nan,nan,nan,0.13892416656017303,nan,nan,nan
43,0.019724171608686447,0.00020824636158067733,1.0,0.0,0.0,0.0,1,279,0,0,0,0.019724171608686447,nan,nan,nan,0.139320507645607,nan,nan,nan
44,0.01970854587852955,0.00020824636158067733,1.0,0.0,0.0,0.0,1,264,0,0,0,0.01970854587852955,nan,nan,nan,0.13916531205177307,nan,nan,nan
45,0.019876042380928993,0.00020824636158067733,1.0,0.0,0.0,0.0,1,281,0,0,0,0.019876042380928993,nan,nan,nan,0.1402350217103958,nan,nan,nan
46,0.019651761278510094,0.00020824636158067733,1.0,0.0,0.0,0.0,1,277,0,0,0,0.019651761278510094,nan,nan,nan,0.138906329870224,nan,nan,nan
47,0.019690871238708496,0.00020824636158067733,1.0,0.0,0.0,0.0,1,271,0,0,0,0.019690871238708496,nan,nan,nan,0.13812802731990814,nan,nan,nan
48,0.019664404913783073,0.00020824636158067733,1.0,0.0,0.0,0.0,1,269,0,0,0,0.019664404913783073,nan,nan,nan,0.13842204213142395,nan,nan,nan
49,0.01976974681019783,0.00020824636158067733,1.0,0.0,0.0,0.0,1,287,0,0,0,0.01976974681019783,nan,nan,nan,0.13957419991493225,nan,nan,nan
50,0.019806645810604095,0.00020824636158067733,1.0,0.0,0.0,0.0,1,282,0,0,0,0.019806645810604095,nan,nan,nan,0.13948382437229156,nan,nan,nan
51,0.019817275926470757,0.00020824636158067733,1.0,0.0,0.0,0.0,1,284,0,0,0,0.019817275926470757,nan,nan,nan,0.13997334241867065,nan,nan,nan
