seed,mean_f,best_f,p_left,p_right,occupied_basins,unique_left,unique_right,mean_f_left,mean_f_right,spread_left,spread_right
42,0.01973556913435459,0.00020824636158067733,1.0,0.0,1,281,0,0.01973556913435459,nan,0.13898204267024994,nan
43,0.019722091034054756,0.00020824636158067733,1.0,0.0,1,280,0,0.019722091034054756,nan,0.1392766684293747,nan
44,0.01971527561545372,0.00020824636158067733,1.0,0.0,1,264,0,0.01971527561545372,nan,0.13915805518627167,nan
45,0.019866738468408585,0.00020824636158067733,1.0,0.0,1,284,0,0.019866738468408585,nan,0.14019306004047394,nan
46,0.019653843715786934,0.00020824636158067733,1.0,0.0,1,281,0,0.019653843715786934,nan,0.1388028860092163,nan
47,0.019700292497873306,0.00020824636158067733,1.0,0.0,1,274,0,0.019700292497873306,nan,0.1381910741329193,nan
48,0.019651735201478004,0.00020824636158067733,1.0,0.0,1,267,0,0.019651735201478004,nan,0.13843901455402374,nan
49,0.019810736179351807,0.00020824636158067733,1.0,0.0,1,293,0,0.019810736179351807,nan,0.1395581066608429,nan
50,0.01976856403052807,0.00020824636158067733,1.0,0.0,1,264,0,0.01976856403052807,nan,0.13901682198047638,nan
51,0.019858965650200844,0.00020824636158067733,1.0,0.0,1,287,0,0.019858965650200844,nan,0.14018352329730988,nan
