lr,seed,best_validation_epoch,best_validation_mean,test_mean_length,test_best_length,best_length_ever,test_unique_tours,test_optimum_fraction,final_mean_sigma,best_tour
0.03,42,900,3.522437810897827,3.5224523544311523,3.522437334060669,3.522437334060669,2,0.0,0.030979027971625328,"[13, 2, 19, 3, 6, 9, 8, 15, 1, 16, 17, 4, 18, 7, 5, 12, 14, 11, 0, 10]"
0.03,43,1150,3.522437810897827,3.522510051727295,3.522437334060669,3.522437334060669,2,0.0,0.025115590542554855,"[12, 5, 7, 18, 4, 17, 16, 1, 15, 8, 9, 6, 3, 19, 2, 13, 10, 0, 11, 14]"
0.03,44,1950,3.600322961807251,3.603208065032959,3.522437334060669,3.5136685371398926,26,0.0,0.8256475329399109,"[18, 4, 17, 16, 1, 15, 8, 9, 6, 3, 19, 2, 11, 0, 13, 10, 14, 12, 5, 7]"
0.03,45,700,3.522437810897827,3.522648334503174,3.522437572479248,3.522437334060669,6,0.0,0.03922561556100845,"[2, 19, 3, 6, 9, 8, 15, 1, 16, 17, 4, 18, 7, 5, 12, 14, 11, 0, 10, 13]"
0.03,46,1050,3.522437810897827,3.5224950313568115,3.522437572479248,3.5136687755584717,3,0.0,0.023755928501486778,"[14, 10, 13, 0, 11, 2, 19, 3, 6, 9, 8, 15, 1, 16, 17, 4, 18, 7, 5, 12]"
0.03,47,900,3.522437810897827,3.522437810897827,3.522437572479248,3.5136685371398926,1,0.0,0.033898960798978806,"[5, 7, 18, 4, 17, 16, 1, 15, 8, 9, 6, 3, 19, 2, 11, 0, 13, 10, 14, 12]"
0.03,48,900,3.5136682987213135,3.5139262676239014,3.5136687755584717,3.5136687755584717,3,0.9993896484375,0.034339290112257004,"[17, 16, 1, 15, 8, 9, 6, 3, 19, 2, 11, 0, 13, 10, 14, 12, 5, 7, 18, 4]"
0.03,49,1000,3.522437810897827,3.522437810897827,3.522437810897827,3.5136687755584717,1,0.0,0.034058183431625366,"[5, 12, 14, 10, 13, 0, 11, 2, 19, 3, 6, 9, 8, 15, 1, 16, 17, 4, 18, 7]"
0.03,50,1000,3.5136682987213135,3.513674259185791,3.5136687755584717,3.5136687755584717,2,0.99993896484375,0.02989237941801548,"[17, 4, 18, 7, 5, 12, 14, 10, 13, 0, 11, 2, 19, 3, 6, 9, 8, 15, 1, 16]"
0.03,51,850,3.5136682987213135,3.513698101043701,3.5136687755584717,3.5136687755584717,2,0.99993896484375,0.03558415174484253,"[6, 3, 19, 2, 11, 0, 13, 10, 14, 12, 5, 7, 18, 4, 17, 16, 1, 15, 8, 9]"
