lr,seed,best_validation_epoch,best_validation_mean,test_mean_length,test_best_length,best_length_ever,test_unique_tours,test_optimum_fraction,best_tour
0.0001,0,1850,3.810682773590088,3.8106884956359863,3.810654878616333,3.5136687755584717,2,0.0,"[0, 11, 2, 19, 3, 6, 9, 8, 15, 1, 16, 17, 4, 18, 7, 5, 12, 14, 10, 13]"
0.0001,1,1100,3.522437810897827,3.522582530975342,3.52243709564209,3.52243709564209,6,0.0,"[8, 9, 6, 3, 19, 2, 13, 10, 0, 11, 14, 12, 5, 7, 18, 4, 17, 16, 1, 15]"
0.0001,2,1950,3.5225319862365723,3.522705316543579,3.522437572479248,3.5136685371398926,6,0.0,"[10, 13, 0, 11, 2, 19, 3, 6, 9, 8, 15, 1, 16, 17, 4, 18, 7, 5, 12, 14]"
0.0003,0,850,3.8106539249420166,3.8106539249420166,3.810654878616333,3.522437334060669,1,0.0,"[0, 10, 13, 2, 19, 3, 6, 9, 8, 15, 1, 16, 17, 4, 18, 7, 5, 12, 14, 11]"
0.0003,1,500,3.583313226699829,3.5834250450134277,3.583314895629883,3.5695295333862305,3,0.0,"[8, 9, 6, 3, 19, 2, 10, 13, 0, 11, 14, 12, 5, 7, 18, 4, 17, 16, 1, 15]"
0.0003,2,1350,3.5914931297302246,3.591545343399048,3.591416835784912,3.5136685371398926,5,0.0,"[10, 13, 0, 11, 2, 19, 3, 6, 9, 8, 15, 1, 16, 17, 4, 18, 7, 5, 12, 14]"
0.001,0,400,3.5914156436920166,3.591432571411133,3.591416835784912,3.522437334060669,3,0.0,"[0, 10, 13, 2, 19, 3, 6, 9, 8, 15, 1, 16, 17, 4, 18, 7, 5, 12, 14, 11]"
0.001,1,1100,3.522437810897827,3.522437810897827,3.52243709564209,3.52243709564209,1,0.0,"[8, 9, 6, 3, 19, 2, 13, 10, 0, 11, 14, 12, 5, 7, 18, 4, 17, 16, 1, 15]"
0.001,2,600,3.7745561599731445,3.7744550704956055,3.7667768001556396,3.522437334060669,4,0.0,"[10, 13, 2, 19, 3, 6, 9, 8, 15, 1, 16, 17, 4, 18, 7, 5, 12, 14, 11, 0]"
0.003,0,950,4.922882080078125,4.922679901123047,4.921860694885254,3.684556484222412,3,0.0,"[0, 10, 13, 2, 11, 19, 3, 6, 9, 8, 1, 15, 16, 17, 4, 18, 7, 5, 12, 14]"
0.003,1,50,4.861618518829346,4.858456134796143,4.236932754516602,3.5715548992156982,222,0.0,"[1, 15, 16, 17, 4, 18, 7, 5, 12, 14, 11, 0, 10, 13, 2, 19, 3, 6, 9, 8]"
0.003,2,800,4.648273944854736,4.648041725158691,4.276242733001709,3.591417074203491,14,0.0,"[10, 13, 11, 2, 19, 3, 6, 9, 8, 15, 1, 16, 17, 4, 18, 7, 5, 12, 14, 0]"
0.01,0,150,7.3927388191223145,7.392827033996582,7.3927388191223145,4.935063362121582,2,0.0,"[0, 11, 2, 13, 10, 3, 6, 9, 8, 19, 15, 16, 17, 1, 18, 4, 12, 7, 5, 14]"
0.01,1,200,9.64310359954834,9.64310359954834,9.64310359954834,4.464854717254639,1,0.0,"[6, 4, 1, 15, 16, 17, 18, 7, 5, 12, 14, 11, 13, 10, 0, 2, 19, 3, 8, 9]"
0.01,2,400,7.505259037017822,7.50018835067749,6.930211067199707,4.044478416442871,8,0.0,"[10, 13, 19, 9, 3, 6, 8, 1, 15, 16, 17, 4, 18, 7, 5, 12, 14, 0, 11, 2]"
